<?xml version="1.0" encoding="UTF-8"?>
<!DOCTYPE mapper
	PUBLIC "-//mybatis.org//DTD Mapper 3.0//EN"
	"http://mybatis.org/dtd/mybatis-3-mapper.dtd">
<mapper	namespace="com.peisia.mapper.CardMapper">
	<select id="getList" resultType="com.peisia.dto.CardDto">
		select * from card_my where deployment =0
	</select>
	<insert id="addCard">
		insert into card_my (job,grade) values (#{job},#{grade})
	</insert>
	
	<!-- 멤버 추기 -->
	<update id="pjMemberAdd">
		update card_my set deployment = 1  where id = #{id} and no = #{no}
	</update>
	<!-- Pj 초기화 -->
	<update id="resetPjMember">
		update card_my set deployment = 0  where id ='cat' and deployment =1
	</update>
	
	
	<select id="getPjMember" resultType="com.peisia.dto.CardDto">
		select * from card_my where deployment = #{no}
	</select>
	
	<update id="updateMyCardDeployment">
		update card_my set deployment =1 where id='cat' and no =#{no}
	</update>
</mapper>